Id,Prediction,Date,File,StartTime,ElapsedTime,BusyTime,Commands,editOrInsertPercentage,debugPercentage,navigationPercentage,focusPercentage,removePercentage,editPercentage,COMMAND_RATE,NAVIGATION_RATE,DEBUG_RATE,FOCUS_RATE,EDIT_RATE,REMOVE_RATE,INSERT_RATE,webLinkTimes,Web Page Visits
1,,Fri Jun 11 20:59:37 EDT 2021,ObservableBridgeScene.java,1623459577710,808036,0,(I)1(F)2(I)9(F)1,0.7692307692307693,0.0,0.0,23.076923076923077,0.0,0.0,0.01608910891089109,0.0,0.0,0.0037128712871287127,0.0,0.0,0.012376237623762377,0.0,[]
,/modelData/A0UserStudy2010.arff,Fri Jun 11 20:59:37 EDT 2021,ObservableBridgeScene.java, 1623459577710
2,,Fri Jun 11 21:13:05 EDT 2021,ObservableBridgeScene.java,1623460385746,315,315,(F)1(I)10(R)1(I)1,0.8461538461538461,0.0,0.0,7.6923076923076925,0.0,0.0,0.0,0.0,0.0,0.0,0.0,null,0.0,0.0,[]
3,,Fri Jun 11 21:13:08 EDT 2021,ObservableBridgeScene.java,1623460388127,162505,0,(I)22,1.0,0.0,0.0,0.0,0.0,0.0,0.13580246913580246,0.0,0.0,0.0,0.0,0.0,0.13580246913580246,0.0,[]
4,,Fri Jun 11 21:15:50 EDT 2021,ObservableScenePainter.java,1623460550856,47115,0,(I)12(F)2(I)1(F)2,0.7647058823529411,0.0,0.0,23.52941176470588,0.0,0.0,0.3617021276595745,0.0,0.0,0.0851063829787234,0.0,0.0,0.2765957446808511,0.0,[]
5,,Fri Jun 11 21:16:37 EDT 2021,ObservableScenePainter.java,1623460597999,294506,0,(I)1(F)2(I)1(F)2(I)4(R)8,0.3333333333333333,0.0,0.0,22.22222222222222,0.0,0.0,0.061224489795918366,0.0,0.0,0.013605442176870748,0.0,0.027210884353741496,0.02040816326530612,0.0,[]
6,,Fri Jun 11 21:21:32 EDT 2021,ObservableBridgeScene.java,1623460892930,48082,0,(R)1(I)1(R)9(I)9,0.5,0.0,0.0,0.0,0.0,0.0,0.4166666666666667,0.0,0.0,0.0,0.0,0.20833333333333334,0.20833333333333334,0.0,[]
7,,Fri Jun 11 21:22:21 EDT 2021,ObservableScenePainter.java,1623460941173,23536,0,(I)16,1.0,0.0,0.0,0.0,0.0,0.0,0.6956521739130435,0.0,0.0,0.0,0.0,0.0,0.6956521739130435,0.0,[]
8,,Fri Jun 11 21:22:44 EDT 2021,ObservableScenePainter.java,1623460964820,14712,0,(I)11(F)2(I)5,0.8888888888888888,0.0,0.0,11.11111111111111,0.0,0.0,1.2857142857142858,0.0,0.0,0.14285714285714285,0.0,0.0,1.1428571428571428,0.0,[]
9,,Fri Jun 11 21:23:23 EDT 2021,ObservableScenePainter.java,1623461003067,3312,3312,(I)2(R)1(I)3(R)2(I)7,0.8,0.0,0.0,0.0,0.0,0.0,5.0,0.0,0.0,0.0,0.0,1.0,4.0,0.0,[]
10,,Fri Jun 11 21:23:26 EDT 2021,ObservableScenePainter.java,1623461006381,14927,0,(I)20,1.0,0.0,0.0,0.0,0.0,0.0,1.4285714285714286,0.0,0.0,0.0,0.0,0.0,1.4285714285714286,0.0,[]
11,,Fri Jun 11 21:23:41 EDT 2021,ObservableScenePainter.java,1623461021989,17329,0,(I)23,1.0,0.0,0.0,0.0,0.0,0.0,1.3529411764705883,0.0,0.0,0.0,0.0,0.0,1.3529411764705883,0.0,[]
12,,Fri Jun 11 21:23:59 EDT 2021,ObservableScenePainter.java,1623461039473,18398,0,(I)16(F)2,0.8888888888888888,0.0,0.0,11.11111111111111,0.0,0.0,1.0,0.0,0.0,0.1111111111111111,0.0,0.0,0.8888888888888888,0.0,[]
13,,Fri Jun 11 21:24:19 EDT 2021,ObservableScenePainter.java,1623461059596,83986,0,(I)1(F)2(I)14,0.8823529411764706,0.0,0.0,11.76470588235294,0.0,0.0,0.20481927710843373,0.0,0.0,0.024096385542168676,0.0,0.0,0.18072289156626506,0.0,[]
14,,Fri Jun 11 21:25:43 EDT 2021,ObservableScenePainter.java,1623461143762,4973,4973,(I)23,1.0,0.0,0.0,0.0,0.0,0.0,5.75,0.0,0.0,0.0,0.0,0.0,5.75,0.0,[]
15,,Fri Jun 11 21:25:48 EDT 2021,ObservableScenePainter.java,1623461148934,12127,0,(I)23,1.0,0.0,0.0,0.0,0.0,0.0,1.9166666666666667,0.0,0.0,0.0,0.0,0.0,1.9166666666666667,0.0,[]
16,,Fri Jun 11 21:26:01 EDT 2021,ObservableScenePainter.java,1623461161197,13209,0,(I)21,1.0,0.0,0.0,0.0,0.0,0.0,1.6153846153846154,0.0,0.0,0.0,0.0,0.0,1.6153846153846154,0.0,[]
17,,Fri Jun 11 21:26:14 EDT 2021,ObservableScenePainter.java,1623461174592,34326,0,(I)16,1.0,0.0,0.0,0.0,0.0,0.0,0.47058823529411764,0.0,0.0,0.0,0.0,0.0,0.47058823529411764,0.0,[]
18,,Fri Jun 11 21:26:49 EDT 2021,ObservableScenePainter.java,1623461209078,17910,0,(I)19(R)1(I)2,0.9545454545454546,0.0,0.0,0.0,0.0,0.0,1.2941176470588236,0.0,0.0,0.0,0.0,0.058823529411764705,1.2352941176470589,0.0,[]
19,,Fri Jun 11 21:27:07 EDT 2021,ObservableScenePainter.java,1623461227105,-59127,-59127,(I)12(R)1(I)7,0.95,0.0,0.0,0.0,0.0,0.0,0.0,0.0,0.0,0.0,0.0,null,0.0,0.0,[]
20,,Fri Jun 11 21:26:12 EDT 2021,ObservableScenePainter.java,1623461172360,92066,0,(I)6(R)1(I)2(R)1(I)5(R)1(I)1(R)3,0.7,0.0,0.0,0.0,0.0,0.0,0.21739130434782608,0.0,0.0,0.0,0.0,0.06521739130434782,0.15217391304347827,0.0,[]
21,,Fri Jun 11 21:27:44 EDT 2021,ObservableScenePainter.java,1623461264896,8464,8464,(R)1(I)21,0.9545454545454546,0.0,0.0,0.0,0.0,0.0,2.75,0.0,0.0,0.0,0.0,0.125,2.625,0.0,[]
22,,Fri Jun 11 21:28:06 EDT 2021,ObservableScenePainter.java,1623461286752,7849,7849,(I)1(R)13(I)7,0.38095238095238093,0.0,0.0,0.0,0.0,0.0,3.0,0.0,0.0,0.0,0.0,1.8571428571428572,1.1428571428571428,0.0,[]
23,,Fri Jun 11 21:28:14 EDT 2021,ObservableScenePainter.java,1623461294733,21779,0,(I)15(R)1(I)6,0.9545454545454546,0.0,0.0,0.0,0.0,0.0,1.0476190476190477,0.0,0.0,0.0,0.0,0.047619047619047616,1.0,0.0,[]
24,,Fri Jun 11 21:28:36 EDT 2021,ObservableScenePainter.java,1623461316512,10151,0,(I)2(R)2(I)20,0.9166666666666666,0.0,0.0,0.0,0.0,0.0,2.4,0.0,0.0,0.0,0.0,0.2,2.2,0.0,[]
25,,Fri Jun 11 21:28:46 EDT 2021,ObservableScenePainter.java,1623461326775,452383,0,(I)8(F)2(I)10,0.9,0.0,0.0,10.0,0.0,0.0,0.04424778761061947,0.0,0.0,0.004424778761061947,0.0,0.0,0.03982300884955752,0.0,[]
26,,Fri Jun 11 21:28:44 EDT 2021,ObservableScenePainter.java,1623461324252,496369,0,(I)6(F)2(I)10,0.8888888888888888,0.0,0.0,11.11111111111111,0.0,0.0,0.036290322580645164,0.0,0.0,0.004032258064516129,0.0,0.0,0.03225806451612903,0.0,[]
27,,Fri Jun 11 21:37:01 EDT 2021,ObservableScenePainter.java,1623461821029,143839,0,(I)16,1.0,0.0,0.0,0.0,0.0,0.0,0.11188811188811189,0.0,0.0,0.0,0.0,0.0,0.11188811188811189,0.0,[]
28,,Fri Jun 11 21:39:25 EDT 2021,ObservableScenePainter.java,1623461965161,26125,0,(I)22,1.0,0.0,0.0,0.0,0.0,0.0,0.8461538461538461,0.0,0.0,0.0,0.0,0.0,0.8461538461538461,0.0,[]
29,,Fri Jun 11 21:39:51 EDT 2021,ObservableScenePainter.java,1623461991286,15209,0,(I)18,1.0,0.0,0.0,0.0,0.0,0.0,1.2,0.0,0.0,0.0,0.0,0.0,1.2,0.0,[]
30,,Fri Jun 11 21:40:06 EDT 2021,ObservableScenePainter.java,1623462006649,9772,9772,(I)2(R)5(I)15,0.7727272727272727,0.0,0.0,0.0,0.0,0.0,2.4444444444444446,0.0,0.0,0.0,0.0,0.5555555555555556,1.8888888888888888,0.0,[]
31,,Fri Jun 11 21:40:16 EDT 2021,ObservableScenePainter.java,1623462016983,13835,0,(I)17(R)3(I)2,0.8636363636363636,0.0,0.0,0.0,0.0,0.0,1.6923076923076923,0.0,0.0,0.0,0.0,0.23076923076923078,1.4615384615384615,0.0,[]
32,,Fri Jun 11 21:40:32 EDT 2021,ObservableScenePainter.java,1623462032838,12339,0,(R)1(I)10(R)1(I)4(R)1(I)3,0.85,0.0,0.0,0.0,0.0,0.0,1.6666666666666667,0.0,0.0,0.0,0.0,0.25,1.4166666666666667,0.0,[]
33,,Fri Jun 11 21:40:45 EDT 2021,ObservableScenePainter.java,1623462045352,80908,0,(I)6(R)1(I)13,0.95,0.0,0.0,0.0,0.0,0.0,0.25,0.0,0.0,0.0,0.0,0.0125,0.2375,0.0,[]
34,,Fri Jun 11 21:42:06 EDT 2021,ObservableScenePainter.java,1623462126397,36497,0,(I)7(R)1(I)2,0.9,0.0,0.0,0.0,0.0,0.0,0.2777777777777778,0.0,0.0,0.0,0.0,0.027777777777777776,0.25,0.0,[]
35,,Fri Jun 11 21:42:43 EDT 2021,ObservableScenePainter.java,1623462163096,27601,0,(I)16(F)2,0.8888888888888888,0.0,0.0,11.11111111111111,0.0,0.0,0.6666666666666666,0.0,0.0,0.07407407407407407,0.0,0.0,0.5925925925925926,0.0,[]
36,,Fri Jun 11 21:43:10 EDT 2021,ObservableScenePainter.java,1623462190697,10399,0,(I)10(R)1(I)6(R)1(I)5,0.9130434782608695,0.0,0.0,0.0,0.0,0.0,2.3,0.0,0.0,0.0,0.0,0.2,2.1,0.0,[]
37,,Fri Jun 11 21:43:25 EDT 2021,BridgeSceneController.java,1623462205997,35490,0,(I)17,1.0,0.0,0.0,0.0,0.0,0.0,0.4857142857142857,0.0,0.0,0.0,0.0,0.0,0.4857142857142857,0.0,[]
38,,Fri Jun 11 21:44:02 EDT 2021,BridgePaintView.java,1623462242435,45939,0,(I)12(R)1,0.9230769230769231,0.0,0.0,0.0,0.0,0.0,0.28888888888888886,0.0,0.0,0.0,0.0,0.022222222222222223,0.26666666666666666,0.0,[]
39,,Fri Jun 11 21:44:48 EDT 2021,ObservableScenePainter.java,1623462288665,-10793,-10793,(R)2(I)3(F)2(I)9,0.75,0.0,0.0,12.5,0.0,0.0,0.0,0.0,0.0,0.0,0.0,null,0.0,0.0,[]
40,,Fri Jun 11 21:44:42 EDT 2021,ObservableBridgeScene.java,1623462282945,568199,0,(I)2(R)1(I)16,0.9473684210526315,0.0,0.0,0.0,0.0,0.0,0.03345070422535211,0.0,0.0,0.0,0.0,0.0017605633802816902,0.03169014084507042,0.0,[]
41,,Fri Jun 11 21:54:13 EDT 2021,ObservableScenePainter.java,1623462853370,16291,0,(I)13,1.0,0.0,0.0,0.0,0.0,0.0,0.8125,0.0,0.0,0.0,0.0,0.0,0.8125,0.0,[]
42,,Fri Jun 11 21:54:29 EDT 2021,ObservableBridgeScene.java,1623462869968,24081,0,(I)11(R)2,0.8461538461538461,0.0,0.0,0.0,0.0,0.0,0.5416666666666666,0.0,0.0,0.0,0.0,0.08333333333333333,0.4583333333333333,0.0,[]
43,,Fri Jun 11 21:54:54 EDT 2021,ObservableBridgeScene.java,1623462894608,55429,0,(I)2(R)2(I)2(R)3(I)2(R)1(I)1(R)1(F)1,0.4666666666666667,0.0,0.0,6.666666666666667,0.0,0.0,0.2727272727272727,0.0,0.0,0.01818181818181818,0.0,0.12727272727272726,0.12727272727272726,0.0,[]
44,,Fri Jun 11 21:55:50 EDT 2021,CustomView.java,1623462950082,57508,0,(F)7(I)2(F)1,0.2,0.0,0.0,80.0,0.0,0.0,0.17543859649122806,0.0,0.0,0.14035087719298245,0.0,0.0,0.03508771929824561,0.0,[]
45,,Fri Jun 11 21:56:48 EDT 2021,CustomView.java,1623463008052,-19815,-19815,(F)1(I)10(R)1(I)1(R)1(I)1(R)3(I)1,0.6842105263157895,0.0,0.0,5.263157894736842,0.0,0.0,0.0,0.0,0.0,0.0,0.0,null,0.0,0.0,[]
46,,Fri Jun 11 21:56:40 EDT 2021,ObservableScenePainter.java,1623463000250,42684,0,(R)1(I)2(F)2(I)12,0.8235294117647058,0.0,0.0,11.76470588235294,0.0,0.0,0.40476190476190477,0.0,0.0,0.047619047619047616,0.0,0.023809523809523808,0.3333333333333333,0.0,[]
47,,Fri Jun 11 21:57:23 EDT 2021,ObservableScenePainter.java,1623463043135,36115,0,(I)12(F)4(I)1,0.7647058823529411,0.0,0.0,23.52941176470588,0.0,0.0,0.4722222222222222,0.0,0.0,0.1111111111111111,0.0,0.0,0.3611111111111111,0.0,[]
48,,Fri Jun 11 21:57:59 EDT 2021,ObservableScenePainter.java,1623463079250,25399,0,(I)14(F)2,0.875,0.0,0.0,12.5,0.0,0.0,0.64,0.0,0.0,0.08,0.0,0.0,0.56,0.0,[]
49,,Fri Jun 11 21:58:24 EDT 2021,ObservableBridgeScene.java,1623463104649,26167,0,(I)1(R)4(I)4(R)1(I)1(F)2(I)4,0.5882352941176471,0.0,0.0,11.76470588235294,0.0,0.0,0.6538461538461539,0.0,0.0,0.07692307692307693,0.0,0.19230769230769232,0.38461538461538464,0.0,[]
50,,Fri Jun 11 21:58:51 EDT 2021,PaintListener.java,1623463131755,14273,0,(I)4(F)2(I)4(R)1(I)1(R)1(I)1(R)1(I)5,0.75,0.0,0.0,10.0,0.0,0.0,1.4285714285714286,0.0,0.0,0.14285714285714285,0.0,0.21428571428571427,1.0714285714285714,0.0,[]
51,,Fri Jun 11 21:59:23 EDT 2021,PaintListener.java,1623463163908,17079,0,(I)13(F)2,0.8666666666666667,0.0,0.0,13.333333333333334,0.0,0.0,0.8823529411764706,0.0,0.0,0.11764705882352941,0.0,0.0,0.7647058823529411,0.0,[]
52,,Fri Jun 11 21:59:40 EDT 2021,AvatarArthur.java,1623463180987,89719,0,(I)2(R)1(I)4(F)2(I)4,0.7692307692307693,0.0,0.0,15.384615384615385,0.0,0.0,0.14606741573033707,0.0,0.0,0.02247191011235955,0.0,0.011235955056179775,0.11235955056179775,0.0,[]
53,,Fri Jun 11 22:01:11 EDT 2021,AvatarArthur.java,1623463271156,9827,9827,(I)23,1.0,0.0,0.0,0.0,0.0,0.0,2.5555555555555554,0.0,0.0,0.0,0.0,0.0,2.5555555555555554,0.0,[]
54,,Fri Jun 11 22:01:21 EDT 2021,AvatarArthur.java,1623463281122,19459,0,(I)4(F)2(I)1(R)1(I)10,0.8333333333333334,0.0,0.0,11.11111111111111,0.0,0.0,0.9473684210526315,0.0,0.0,0.10526315789473684,0.0,0.05263157894736842,0.7894736842105263,0.0,[]
55,,Fri Jun 11 22:01:42 EDT 2021,AvatarArthur.java,1623463302651,51715,0,(I)1(R)13(I)3,0.23529411764705882,0.0,0.0,0.0,0.0,0.0,0.3333333333333333,0.0,0.0,0.0,0.0,0.2549019607843137,0.0784313725490196,0.0,[]
56,,Fri Jun 11 22:02:34 EDT 2021,AvatarArthur.java,1623463354487,-4113,-4113,(I)5(R)1(I)1(R)1(I)5(R)1(I)1(R)1(I)2(R)1(I)1(R)1,0.7142857142857143,0.0,0.0,0.0,0.0,0.0,0.0,0.0,0.0,0.0,0.0,null,0.0,0.0,[]
57,,Fri Jun 11 22:02:34 EDT 2021,AvatarArthur.java,1623463354366,118989,0,(I)2(R)1(I)3(F)2(I)2(F)2,0.5833333333333334,0.0,0.0,33.33333333333333,0.0,0.0,0.1016949152542373,0.0,0.0,0.03389830508474576,0.0,0.00847457627118644,0.059322033898305086,0.0,[]
58,,Fri Jun 11 22:04:33 EDT 2021,AvatarArthur.java,1623463473355,50263,0,(I)8(R)1(I)6,0.9333333333333333,0.0,0.0,0.0,0.0,0.0,0.3,0.0,0.0,0.0,0.0,0.02,0.28,0.0,[]
59,,Fri Jun 11 22:05:23 EDT 2021,AvatarArthur.java,1623463523618,27362,0,(I)3(F)2(I)9,0.8571428571428571,0.0,0.0,14.285714285714285,0.0,0.0,0.5185185185185185,0.0,0.0,0.07407407407407407,0.0,0.0,0.4444444444444444,0.0,[]
60,,Fri Jun 11 22:05:51 EDT 2021,AvatarArthur.java,1623463551182,1134484,0,(I)1(R)2(I)7(F)2(I)3,0.7333333333333333,0.0,0.0,13.333333333333334,0.0,0.0,0.013227513227513227,0.0,0.0,0.001763668430335097,0.0,0.001763668430335097,0.009700176366843033,0.0,[]
61,,Fri Jun 11 22:24:49 EDT 2021,AvatarArthur.java,1623464689403,-1124363,-1124363,(I)8(F)2(I)4(R)1(I)2(R)1,0.7777777777777778,0.0,0.0,11.11111111111111,0.0,0.0,0.0,0.0,0.0,0.0,0.0,null,0.0,0.0,[]
62,,Fri Jun 11 22:24:44 EDT 2021,ObservableScenePainter.java,1623464684806,152257,0,(I)15(R)1(I)1,0.9411764705882353,0.0,0.0,0.0,0.0,0.0,0.1118421052631579,0.0,0.0,0.0,0.0,0.006578947368421052,0.10526315789473684,0.0,[]
63,,Fri Jun 11 22:27:17 EDT 2021,ObservableScenePainter.java,1623464837347,26614,0,(I)3(R)6(I)1,0.4,0.0,0.0,0.0,0.0,0.0,0.38461538461538464,0.0,0.0,0.0,0.0,0.23076923076923078,0.15384615384615385,0.0,[]
64,,Fri Jun 11 22:27:44 EDT 2021,ObservableScenePainter.java,1623464864229,-12325,-12325,(I)18(R)1,0.9473684210526315,0.0,0.0,0.0,0.0,0.0,0.0,0.0,0.0,0.0,0.0,null,0.0,0.0,[]
65,,Fri Jun 11 22:27:34 EDT 2021,ObservableScenePainter.java,1623464854438,56053,0,(R)1(I)19,0.95,0.0,0.0,0.0,0.0,0.0,0.35714285714285715,0.0,0.0,0.0,0.0,0.017857142857142856,0.3392857142857143,0.0,[]
66,,Fri Jun 11 22:28:30 EDT 2021,AvatarArthur.java,1623464910604,141140,0,(I)17,1.0,0.0,0.0,0.0,0.0,0.0,0.12056737588652482,0.0,0.0,0.0,0.0,0.0,0.12056737588652482,0.0,[]
67,,Fri Jun 11 22:30:52 EDT 2021,AvatarArthur.java,1623465052126,13161,0,(I)21,1.0,0.0,0.0,0.0,0.0,0.0,1.6153846153846154,0.0,0.0,0.0,0.0,0.0,1.6153846153846154,0.0,[]
68,,Fri Jun 11 22:31:05 EDT 2021,AvatarArthur.java,1623465065290,15004,0,(I)22,1.0,0.0,0.0,0.0,0.0,0.0,1.4666666666666666,0.0,0.0,0.0,0.0,0.0,1.4666666666666666,0.0,[]
69,,Fri Jun 11 22:31:44 EDT 2021,AvatarArthur.java,1623465104843,10554,0,(I)22,1.0,0.0,0.0,0.0,0.0,0.0,2.2,0.0,0.0,0.0,0.0,0.0,2.2,0.0,[]
70,,Fri Jun 11 22:31:55 EDT 2021,AvatarArthur.java,1623465115622,14462,0,(I)6(R)14,0.3,0.0,0.0,0.0,0.0,0.0,1.4285714285714286,0.0,0.0,0.0,0.0,1.0,0.42857142857142855,0.0,[]
71,,Fri Jun 11 22:32:10 EDT 2021,ObservableScenePainter.java,1623465130241,24373,0,(R)8(I)11(R)3,0.5,0.0,0.0,0.0,0.0,0.0,0.9166666666666666,0.0,0.0,0.0,0.0,0.4583333333333333,0.4583333333333333,0.0,[]
72,,Fri Jun 11 22:32:34 EDT 2021,ObservableScenePainter.java,1623465154730,18508,0,(I)4(R)1(I)1(R)1(I)13,0.9,0.0,0.0,0.0,0.0,0.0,1.1111111111111112,0.0,0.0,0.0,0.0,0.1111111111111111,1.0,0.0,[]
73,,Fri Jun 11 22:32:53 EDT 2021,ObservableScenePainter.java,1623465173601,9618,9618,(I)21,1.0,0.0,0.0,0.0,0.0,0.0,2.3333333333333335,0.0,0.0,0.0,0.0,0.0,2.3333333333333335,0.0,[]
74,,Fri Jun 11 22:33:04 EDT 2021,ObservableScenePainter.java,1623465184604,22498,0,(R)1(I)12,0.9230769230769231,0.0,0.0,0.0,0.0,0.0,0.5909090909090909,0.0,0.0,0.0,0.0,0.045454545454545456,0.5454545454545454,0.0,[]
75,,Fri Jun 11 22:33:27 EDT 2021,ObservableBridgeScene.java,1623465207231,24511,0,(I)21,1.0,0.0,0.0,0.0,0.0,0.0,0.875,0.0,0.0,0.0,0.0,0.0,0.875,0.0,[]
76,,Fri Jun 11 22:33:51 EDT 2021,ObservableScenePainter.java,1623465231744,146712,0,(R)1(I)7(R)1(I)8,0.8823529411764706,0.0,0.0,0.0,0.0,0.0,0.11643835616438356,0.0,0.0,0.0,0.0,0.0136986301369863,0.10273972602739725,0.0,[]
77,,Fri Jun 11 22:36:31 EDT 2021,ObservableBridgeScene.java,1623465391664,-224944,-224944,(I)5(R)13(I)2,0.35,0.0,0.0,0.0,0.0,0.0,0.0,0.0,0.0,0.0,0.0,null,0.0,0.0,[]
78,,Fri Jun 11 22:33:05 EDT 2021,ObservableBridgeScene.java,1623465185503,316525,0,(R)1(I)5(R)1(I)1(R)1(I)1(R)1(I)1,0.6666666666666666,0.0,0.0,0.0,0.0,0.0,0.0379746835443038,0.0,0.0,0.0,0.0,0.012658227848101266,0.02531645569620253,0.0,[]
79,,Fri Jun 11 22:38:25 EDT 2021,PaintListener.java,1623465505239,15641,0,(I)1(R)13(I)6,0.35,0.0,0.0,0.0,0.0,0.0,1.3333333333333333,0.0,0.0,0.0,0.0,0.8666666666666667,0.4666666666666667,0.0,[]
80,,Fri Jun 11 22:38:42 EDT 2021,AvatarArthur.java,1623465522881,8388,8388,(I)23,1.0,0.0,0.0,0.0,0.0,0.0,2.875,0.0,0.0,0.0,0.0,0.0,2.875,0.0,[]
81,,Fri Jun 11 22:38:51 EDT 2021,PaintListener.java,1623465531272,14635,0,(R)8(I)3(R)1(I)2(R)1,0.3333333333333333,0.0,0.0,0.0,0.0,0.0,1.0714285714285714,0.0,0.0,0.0,0.0,0.7142857142857143,0.35714285714285715,0.0,[]
82,,Fri Jun 11 22:39:09 EDT 2021,AvatarArthur.java,1623465549197,12806,0,(I)14(R)1(I)1,0.9375,0.0,0.0,0.0,0.0,0.0,1.3333333333333333,0.0,0.0,0.0,0.0,0.08333333333333333,1.25,0.0,[]
83,,Fri Jun 11 22:39:22 EDT 2021,AvatarArthur.java,1623465562998,32178,0,(I)4(F)2(I)13,0.8947368421052632,0.0,0.0,10.526315789473683,0.0,0.0,0.59375,0.0,0.0,0.0625,0.0,0.0,0.53125,0.0,[]
84,,Fri Jun 11 22:39:56 EDT 2021,BridgeSceneMouseController.java,1623465596008,233609,0,(R)2(I)8(F)2(I)1(F)1,0.6428571428571429,0.0,0.0,21.428571428571427,0.0,0.0,0.060085836909871244,0.0,0.0,0.012875536480686695,0.0,0.008583690987124463,0.03862660944206009,0.0,[]
85,,Fri Jun 11 22:44:14 EDT 2021,AvatarArthur.java,1623465854778,142739,0,(F)1(I)1(F)2(I)10,0.7857142857142857,0.0,0.0,21.428571428571427,0.0,0.0,0.09859154929577464,0.0,0.0,0.02112676056338028,0.0,0.0,0.07746478873239436,0.0,[]
86,,Fri Jun 11 22:46:37 EDT 2021,AvatarArthur.java,1623465997519,-65988,-65988,(I)8(R)1(I)5(R)1(I)4,0.8947368421052632,0.0,0.0,0.0,0.0,0.0,0.0,0.0,0.0,0.0,0.0,null,0.0,0.0,[]
87,,Fri Jun 11 22:45:56 EDT 2021,AvatarArthur.java,1623465956121,55794,0,(I)18,1.0,0.0,0.0,0.0,0.0,0.0,0.32727272727272727,0.0,0.0,0.0,0.0,0.0,0.32727272727272727,0.0,[]
88,,Fri Jun 11 22:46:51 EDT 2021,AvatarArthur.java,1623466011918,32315,0,(R)3(I)1(R)1(I)14,0.7894736842105263,0.0,0.0,0.0,0.0,0.0,0.59375,0.0,0.0,0.0,0.0,0.125,0.46875,0.0,[]
89,,Fri Jun 11 22:47:25 EDT 2021,AvatarArthur.java,1623466045327,5266,5266,(I)1(R)1,0.5,0.0,0.0,0.0,0.0,0.0,0.4,0.0,0.0,0.0,0.0,0.2,0.2,0.0,[]
90,,Fri Jun 11 22:47:30 EDT 2021,AvatarArthur.java,1623466050677,19721,0,(I)2(R)1(I)3(R)2(I)4(R)2,0.6428571428571429,0.0,0.0,0.0,0.0,0.0,0.7368421052631579,0.0,0.0,0.0,0.0,0.2631578947368421,0.47368421052631576,0.0,[]
91,,Fri Jun 11 22:47:51 EDT 2021,AvatarArthur.java,1623466071157,10056,0,(I)12(R)1(I)4(R)2,0.8421052631578947,0.0,0.0,0.0,0.0,0.0,1.9,0.0,0.0,0.0,0.0,0.3,1.6,0.0,[]
92,,Fri Jun 11 22:48:01 EDT 2021,AvatarArthur.java,1623466081352,5781,5781,(R)14(I)2(R)2(I)6,0.3333333333333333,0.0,0.0,0.0,0.0,0.0,4.8,0.0,0.0,0.0,0.0,3.2,1.6,0.0,[]
93,,Fri Jun 11 22:48:07 EDT 2021,AvatarArthur.java,1623466087292,23490,0,(I)17(R)2,0.8947368421052632,0.0,0.0,0.0,0.0,0.0,0.8260869565217391,0.0,0.0,0.0,0.0,0.08695652173913043,0.7391304347826086,0.0,[]
94,,Fri Jun 11 22:48:30 EDT 2021,AvatarArthur.java,1623466110962,5670,5670,(R)9(I)16,0.64,0.0,0.0,0.0,0.0,0.0,5.0,0.0,0.0,0.0,0.0,1.8,3.2,0.0,[]
95,,Fri Jun 11 22:48:37 EDT 2021,AvatarArthur.java,1623466117034,3919,3919,(I)3(R)1(I)1(R)1(I)1(R)1(I)1(R)1(I)4(R)1(I)9,0.7916666666666666,0.0,0.0,0.0,0.0,0.0,8.0,0.0,0.0,0.0,0.0,1.6666666666666667,6.333333333333333,0.0,[]
96,,Fri Jun 11 22:48:41 EDT 2021,AvatarArthur.java,1623466121066,10483,0,(I)9(R)1(I)1(R)4(I)4,0.7368421052631579,0.0,0.0,0.0,0.0,0.0,1.9,0.0,0.0,0.0,0.0,0.5,1.4,0.0,[]
97,,Fri Jun 11 22:48:52 EDT 2021,BridgeSceneMouseController.java,1623466132067,121554,0,(I)4(R)4(I)9,0.7647058823529411,0.0,0.0,0.0,0.0,0.0,0.14049586776859505,0.0,0.0,0.0,0.0,0.03305785123966942,0.10743801652892562,0.0,[]
98,,Fri Jun 11 22:50:53 EDT 2021,AvatarArthur.java,1623466253734,109822,0,(I)3(F)2(I)1(F)2(I)6,0.7142857142857143,0.0,0.0,28.57142857142857,0.0,0.0,0.12844036697247707,0.0,0.0,0.03669724770642202,0.0,0.0,0.09174311926605505,0.0,[]
99,,Fri Jun 11 22:52:48 EDT 2021,AvatarArthur.java,1623466368717,10659,0,(I)2(R)1(I)4,0.8571428571428571,0.0,0.0,0.0,0.0,0.0,0.7,0.0,0.0,0.0,0.0,0.1,0.6,0.0,[]
100,,Fri Jun 11 22:53:00 EDT 2021,AvatarArthur.java,1623466380420,117657,0,(R)6(I)2(R)2(I)5,0.4666666666666667,0.0,0.0,0.0,0.0,0.0,0.1282051282051282,0.0,0.0,0.0,0.0,0.06837606837606838,0.05982905982905983,0.0,[]
101,,Fri Jun 11 22:54:58 EDT 2021,AvatarArthur.java,1623466498178,132764,0,(I)11,1.0,0.0,0.0,0.0,0.0,0.0,0.08333333333333333,0.0,0.0,0.0,0.0,0.0,0.08333333333333333,0.0,[]
102,,Fri Jun 11 22:57:11 EDT 2021,AvatarArthur.java,1623466631900,-109824,-109824,(I)5(R)1(I)2(R)1(I)3(R)1(I)1,0.7857142857142857,0.0,0.0,0.0,0.0,0.0,0.0,0.0,0.0,0.0,0.0,null,0.0,0.0,[]
103,,Fri Jun 11 22:55:22 EDT 2021,AvatarArthur.java,1623466522080,175942,0,(I)5(R)1(I)5,0.9090909090909091,0.0,0.0,0.0,0.0,0.0,0.06285714285714286,0.0,0.0,0.0,0.0,0.005714285714285714,0.05714285714285714,0.0,[]
104,,Fri Jun 11 22:58:20 EDT 2021,BridgePaintView.java,1623466700682,-32942,-32942,(I)10(R)1,0.9090909090909091,0.0,0.0,0.0,0.0,0.0,0.0,0.0,0.0,0.0,0.0,null,0.0,0.0,[]
105,,Fri Jun 11 22:57:48 EDT 2021,AvatarArthur.java,1623466668302,122311,0,(I)1(R)1(I)2(R)1(I)1(R)1(I)1(R)1(I)1(R)1(I)3(R)1(I)1(R)1(I)1(R)1(I)1(R)1(I)2,0.6086956521739131,0.0,0.0,0.0,0.0,0.0,0.1885245901639344,0.0,0.0,0.0,0.0,0.07377049180327869,0.11475409836065574,0.0,[]
106,,Fri Jun 11 22:59:50 EDT 2021,AvatarArthur.java,1623466790777,78456,0,(I)12(F)1,0.9230769230769231,0.0,0.0,7.6923076923076925,0.0,0.0,0.16666666666666666,0.0,0.0,0.01282051282051282,0.0,0.0,0.15384615384615385,0.0,[]
107,,Fri Jun 11 23:01:37 EDT 2021,AvatarGalahad.java,1623466897136,31953,0,(F)1(I)3(R)1(I)5(R)1(I)3(R)1,0.7333333333333333,0.0,0.0,6.666666666666667,0.0,0.0,0.4838709677419355,0.0,0.0,0.03225806451612903,0.0,0.0967741935483871,0.3548387096774194,0.0,[]
108,,Fri Jun 11 23:02:10 EDT 2021,AvatarGalahad.java,1623466930735,38768,0,(I)2(R)1(I)2(R)1(I)2(R)1(I)2(R)1,0.6666666666666666,0.0,0.0,0.0,0.0,0.0,0.3157894736842105,0.0,0.0,0.0,0.0,0.10526315789473684,0.21052631578947367,0.0,[]
109,,Fri Jun 11 23:03:09 EDT 2021,AvatarGalahad.java,1623466989358,33058,0,(F)2(I)5,0.7142857142857143,0.0,0.0,28.57142857142857,0.0,0.0,0.21212121212121213,0.0,0.0,0.06060606060606061,0.0,0.0,0.15151515151515152,0.0,[]
110,,Fri Jun 11 23:03:43 EDT 2021,AvatarRobin.java,1623467023493,31466,0,(I)1(F)2(I)7,0.8,0.0,0.0,20.0,0.0,0.0,0.3225806451612903,0.0,0.0,0.06451612903225806,0.0,0.0,0.25806451612903225,0.0,[]
111,,Fri Jun 11 23:04:15 EDT 2021,AvatarRobin.java,1623467055033,62978,0,(R)1(I)3(R)1(I)2(R)1(I)2(R)1(I)2(R)1(I)1,0.6666666666666666,0.0,0.0,0.0,0.0,0.0,0.24193548387096775,0.0,0.0,0.0,0.0,0.08064516129032258,0.16129032258064516,0.0,[]
112,,Fri Jun 11 23:05:18 EDT 2021,AvatarLancelot.java,1623467118011,30936,0,(I)1(R)1(I)2(R)1(F)2(I)9,0.75,0.0,0.0,12.5,0.0,0.0,0.5333333333333333,0.0,0.0,0.06666666666666667,0.0,0.06666666666666667,0.4,0.0,[]
113,,Fri Jun 11 23:05:49 EDT 2021,AvatarLancelot.java,1623467149391,39716,0,(I)1(R)1(I)5(R)1(F)2(I)4,0.7142857142857143,0.0,0.0,14.285714285714285,0.0,0.0,0.358974358974359,0.0,0.0,0.05128205128205128,0.0,0.05128205128205128,0.2564102564102564,0.0,[]
114,,Fri Jun 11 23:06:29 EDT 2021,AvatarLancelot.java,1623467189107,23236,0,(I)6(R)1(I)1(R)1(I)1(R)1(I)1(R)1(I)1,0.7142857142857143,0.0,0.0,0.0,0.0,0.0,0.6086956521739131,0.0,0.0,0.0,0.0,0.17391304347826086,0.43478260869565216,0.0,[]
115,,Fri Jun 11 23:06:52 EDT 2021,AvatarGuard.java,1623467212343,38876,0,(I)1(R)1(F)2(I)7,0.7272727272727273,0.0,0.0,18.181818181818183,0.0,0.0,0.2894736842105263,0.0,0.0,0.05263157894736842,0.0,0.02631578947368421,0.21052631578947367,0.0,[]
116,,Fri Jun 11 23:07:33 EDT 2021,AvatarGuard.java,1623467253751,55825,0,(I)1(R)1(I)2(R)1(I)1(R)1(I)1(R)1(I)1(R)1(I)1(R)1(I)4,0.6470588235294118,0.0,0.0,0.0,0.0,0.0,0.3090909090909091,0.0,0.0,0.0,0.0,0.10909090909090909,0.2,0.0,[]
117,,Fri Jun 11 23:08:31 EDT 2021,AvatarRobin.java,1623467311615,44015,0,(I)9,1.0,0.0,0.0,0.0,0.0,0.0,0.20454545454545456,0.0,0.0,0.0,0.0,0.0,0.20454545454545456,0.0,[]
118,,Fri Jun 11 23:09:18 EDT 2021,AvatarRobin.java,1623467358032,-1978,-1978,(I)2(R)1(I)1(R)1(I)1(R)1(I)1(R)1(I)1(R)1(I)1(R)1(I)1(R)1(I)1(R)1(I)1(R)1(I)1(R)1,0.5238095238095238,0.0,0.0,0.0,0.0,0.0,0.0,0.0,0.0,0.0,0.0,null,0.0,0.0,[]
119,,Fri Jun 11 23:09:18 EDT 2021,AvatarGalahad.java,1623467358032,54034,0,(I)1(R)1(I)3(R)1(I)2(R)1(I)2(R)1(F)2,0.5714285714285714,0.0,0.0,14.285714285714285,0.0,0.0,0.25925925925925924,0.0,0.0,0.037037037037037035,0.0,0.07407407407407407,0.14814814814814814,0.0,[]
120,,Fri Jun 11 23:10:12 EDT 2021,SceneBackground.java,1623467412225,28587,0,(I)1(F)2(I)1(F)2(I)7,0.6923076923076923,0.0,0.0,30.76923076923077,0.0,0.0,0.4642857142857143,0.0,0.0,0.14285714285714285,0.0,0.0,0.32142857142857145,0.0,[]
121,,Fri Jun 11 23:10:40 EDT 2021,BridgePaintView.java,1623467440886,73346,0,(R)1(I)3(R)1(I)6(F)2(I)1,0.7142857142857143,0.0,0.0,14.285714285714285,0.0,0.0,0.1917808219178082,0.0,0.0,0.0273972602739726,0.0,0.0273972602739726,0.136986301369863,0.0,[]
122,,Fri Jun 11 23:11:54 EDT 2021,SceneBackground.java,1623467514232,39962,0,(I)13,1.0,0.0,0.0,0.0,0.0,0.0,0.3333333333333333,0.0,0.0,0.0,0.0,0.0,0.3333333333333333,0.0,[]
123,,Fri Jun 11 23:12:39 EDT 2021,SceneBackground.java,1623467559811,26448,0,(I)2(R)4(I)4(R)1(I)2(R)1(I)2,0.625,0.0,0.0,0.0,0.0,0.0,0.6153846153846154,0.0,0.0,0.0,0.0,0.23076923076923078,0.38461538461538464,0.0,[]
124,,Fri Jun 11 23:13:06 EDT 2021,AvatarLancelot.java,1623467586968,38385,0,(R)1(I)2(R)1(I)2(R)1(I)2(R)1(I)2(R)1(I)2(R)1(I)1,0.6470588235294118,0.0,0.0,0.0,0.0,0.0,0.4473684210526316,0.0,0.0,0.0,0.0,0.15789473684210525,0.2894736842105263,0.0,[]
125,,Fri Jun 11 23:13:45 EDT 2021,AvatarArthur.java,1623467625353,28147,0,(I)7(F)2(I)4,0.8461538461538461,0.0,0.0,15.384615384615385,0.0,0.0,0.4642857142857143,0.0,0.0,0.07142857142857142,0.0,0.0,0.39285714285714285,0.0,[]
126,,Fri Jun 11 23:14:16 EDT 2021,AvatarGalahad.java,1623467656917,-16124,-16124,(I)2(F)2(I)3(R)4,0.45454545454545453,0.0,0.0,18.181818181818183,0.0,0.0,0.0,0.0,0.0,0.0,0.0,null,0.0,0.0,[]
127,,Fri Jun 11 23:14:03 EDT 2021,AvatarRobin.java,1623467643820,210032,0,(R)3(I)14,0.8235294117647058,0.0,0.0,0.0,0.0,0.0,0.08095238095238096,0.0,0.0,0.0,0.0,0.014285714285714285,0.06666666666666667,0.0,[]
128,,Fri Jun 11 23:17:35 EDT 2021,BridgeSceneFactory.java,1623467855667,5,5,(I)10(F)1(I)4,0.9333333333333333,0.0,0.0,6.666666666666667,0.0,0.0,0.0,0.0,0.0,0.0,0.0,null,0.0,0.0,[]
129,,Fri Jun 11 23:17:35 EDT 2021,BridgeSceneFactory.java,1623467855673,49936,0,(I)16(F)1(I)2,0.9473684210526315,0.0,0.0,5.263157894736842,0.0,0.0,0.3877551020408163,0.0,0.0,0.02040816326530612,0.0,0.0,0.3673469387755102,0.0,[]
130,,Fri Jun 11 23:18:26 EDT 2021,BridgeSceneFactory.java,1623467906289,58034,0,(I)8(F)2(I)6,0.875,0.0,0.0,12.5,0.0,0.0,0.27586206896551724,0.0,0.0,0.034482758620689655,0.0,0.0,0.2413793103448276,0.0,[]
131,,Fri Jun 11 23:19:25 EDT 2021,BridgeSceneFactory.java,1623467965104,65333,0,(I)1(R)1(I)3(R)1(I)2(R)1(I)2(R)1(I)3,0.7333333333333333,0.0,0.0,0.0,0.0,0.0,0.23076923076923078,0.0,0.0,0.0,0.0,0.06153846153846154,0.16923076923076924,0.0,[]
132,,Fri Jun 11 23:20:22 EDT 2021,SceneBackground.java,1623468022390,78638,0,(I)4(F)2(I)8,0.8571428571428571,0.0,0.0,14.285714285714285,0.0,0.0,0.1794871794871795,0.0,0.0,0.02564102564102564,0.0,0.0,0.15384615384615385,0.0,[]
133,,Fri Jun 11 23:21:41 EDT 2021,AvatarGalahad.java,1623468101534,34555,0,(I)3(F)2(R)6,0.2727272727272727,0.0,0.0,18.181818181818183,0.0,0.0,0.3235294117647059,0.0,0.0,0.058823529411764705,0.0,0.17647058823529413,0.08823529411764706,0.0,[]
134,,Fri Jun 11 23:22:16 EDT 2021,AvatarGalahad.java,1623468136173,2016,2016,(R)25,0.0,0.0,0.0,0.0,0.0,0.0,12.5,0.0,0.0,0.0,0.0,12.5,0.0,0.0,[]
135,,Fri Jun 11 23:22:18 EDT 2021,AvatarGalahad.java,1623468138273,-36752,-36752,(R)13(I)1(R)1(I)1(R)1(I)2(R)1(I)1,0.23809523809523808,0.0,0.0,0.0,0.0,0.0,0.0,0.0,0.0,0.0,0.0,null,0.0,0.0,[]
136,,Fri Jun 11 23:21:51 EDT 2021,AvatarGalahad.java,1623468111615,45529,0,(R)1(I)2(R)1(I)1(R)1(I)1(R)1(I)1,0.5555555555555556,0.0,0.0,0.0,0.0,0.0,0.2,0.0,0.0,0.0,0.0,0.08888888888888889,0.1111111111111111,0.0,[]
137,,Fri Jun 11 23:22:44 EDT 2021,AvatarRobin.java,1623468164170,28435,0,(I)3(R)1(I)1(R)1(I)10,0.875,0.0,0.0,0.0,0.0,0.0,0.5714285714285714,0.0,0.0,0.0,0.0,0.07142857142857142,0.5,0.0,[]
138,,Fri Jun 11 23:23:13 EDT 2021,AvatarArthur.java,1623468193667,29489,0,(I)12(F)2(I)1,0.8666666666666667,0.0,0.0,13.333333333333334,0.0,0.0,0.5172413793103449,0.0,0.0,0.06896551724137931,0.0,0.0,0.4482758620689655,0.0,[]
139,,Fri Jun 11 23:23:46 EDT 2021,DelegatingScene.java,1623468226381,88306,0,(I)2(F)2(I)14,0.8888888888888888,0.0,0.0,11.11111111111111,0.0,0.0,0.20454545454545456,0.0,0.0,0.022727272727272728,0.0,0.0,0.18181818181818182,0.0,[]
140,,Fri Jun 11 23:25:14 EDT 2021,DelegatingScene.java,1623468314758,41372,0,(I)17(R)2(I)2,0.9047619047619048,0.0,0.0,0.0,0.0,0.0,0.5121951219512195,0.0,0.0,0.0,0.0,0.04878048780487805,0.4634146341463415,0.0,[]
141,,Fri Jun 11 23:22:58 EDT 2021,DelegatingScene.java,1623468178950,180063,0,(I)10(R)1(I)1(R)1(I)2(R)1,0.8125,0.0,0.0,0.0,0.0,0.0,0.08888888888888889,0.0,0.0,0.0,0.0,0.016666666666666666,0.07222222222222222,0.0,[]
142,,Fri Jun 11 23:25:59 EDT 2021,DelegatingScene.java,1623468359017,8363,8363,(I)4(R)4(I)17,0.84,0.0,0.0,0.0,0.0,0.0,3.125,0.0,0.0,0.0,0.0,0.5,2.625,0.0,[]
143,,Fri Jun 11 23:26:07 EDT 2021,DelegatingScene.java,1623468367745,13077,0,(I)10(R)2(I)10,0.9090909090909091,0.0,0.0,0.0,0.0,0.0,1.6923076923076923,0.0,0.0,0.0,0.0,0.15384615384615385,1.5384615384615385,0.0,[]
144,,Fri Jun 11 23:26:03 EDT 2021,DelegatingScene.java,1623468363377,42302,0,(I)1(R)1(I)21,0.9565217391304348,0.0,0.0,0.0,0.0,0.0,0.5476190476190477,0.0,0.0,0.0,0.0,0.023809523809523808,0.5238095238095238,0.0,[]
145,,Fri Jun 11 23:26:45 EDT 2021,DelegatingScene.java,1623468405838,10440,0,(I)22,1.0,0.0,0.0,0.0,0.0,0.0,2.2,0.0,0.0,0.0,0.0,0.0,2.2,0.0,[]
146,,Fri Jun 11 23:26:58 EDT 2021,DelegatingScene.java,1623468418548,22208,0,(I)16(R)2,0.8888888888888888,0.0,0.0,0.0,0.0,0.0,0.8181818181818182,0.0,0.0,0.0,0.0,0.09090909090909091,0.7272727272727273,0.0,[]
147,,Fri Jun 11 23:27:21 EDT 2021,DelegatingScene.java,1623468441109,7049,7049,(R)4(I)8(R)6(I)4,0.5454545454545454,0.0,0.0,0.0,0.0,0.0,3.142857142857143,0.0,0.0,0.0,0.0,1.4285714285714286,1.7142857142857142,0.0,[]
148,,Fri Jun 11 23:27:28 EDT 2021,DelegatingScene.java,1623468448296,-10042,-10042,(I)4(R)6(I)14,0.75,0.0,0.0,0.0,0.0,0.0,0.0,0.0,0.0,0.0,0.0,null,0.0,0.0,[]
149,,Fri Jun 11 23:27:20 EDT 2021,DelegatingScene.java,1623468440592,20482,0,(R)1(I)1(R)1(I)1(R)1(I)1(R)1(I)1(R)6(I)6(R)2,0.45454545454545453,0.0,0.0,0.0,0.0,0.0,1.1,0.0,0.0,0.0,0.0,0.6,0.5,0.0,[]
150,,Fri Jun 11 23:27:41 EDT 2021,DelegatingScene.java,1623468461254,8257,8257,(R)4(I)9(R)6(I)4,0.5652173913043478,0.0,0.0,0.0,0.0,0.0,2.875,0.0,0.0,0.0,0.0,1.25,1.625,0.0,[]
151,,Fri Jun 11 23:27:49 EDT 2021,DelegatingScene.java,1623468469604,11405,0,(I)6(R)1(I)2(R)6(I)1(R)1(I)3,0.6,0.0,0.0,0.0,0.0,0.0,1.8181818181818181,0.0,0.0,0.0,0.0,0.7272727272727273,1.0909090909090908,0.0,[]
152,,Fri Jun 11 23:28:01 EDT 2021,DelegatingScene.java,1623468481189,9718,9718,(I)3(R)6(I)6(R)6(I)2,0.4782608695652174,0.0,0.0,0.0,0.0,0.0,2.5555555555555554,0.0,0.0,0.0,0.0,1.3333333333333333,1.2222222222222223,0.0,[]
153,,Fri Jun 11 23:28:11 EDT 2021,DelegatingScene.java,1623468491202,8842,8842,(I)5(R)2(I)6(R)10,0.4782608695652174,0.0,0.0,0.0,0.0,0.0,2.875,0.0,0.0,0.0,0.0,1.5,1.375,0.0,[]
154,,Fri Jun 11 23:28:20 EDT 2021,DelegatingScene.java,1623468500335,-33074,-33074,(R)2(I)18(R)1(I)1(R)1,0.8260869565217391,0.0,0.0,0.0,0.0,0.0,0.0,0.0,0.0,0.0,0.0,null,0.0,0.0,[]
155,,Fri Jun 11 23:27:48 EDT 2021,DelegatingScene.java,1623468468924,44914,0,(I)1(R)1(I)1(R)1(I)1(R)1(I)1(R)1(I)1(R)1(I)1(R)1(I)1(R)1(I)9,0.6956521739130435,0.0,0.0,0.0,0.0,0.0,0.5227272727272727,0.0,0.0,0.0,0.0,0.1590909090909091,0.36363636363636365,0.0,[]
156,,Fri Jun 11 23:28:33 EDT 2021,DelegatingScene.java,1623468513838,10686,0,(I)17,1.0,0.0,0.0,0.0,0.0,0.0,1.7,0.0,0.0,0.0,0.0,0.0,1.7,0.0,[]
157,,Fri Jun 11 23:28:46 EDT 2021,DelegatingScene.java,1623468526505,13768,0,(I)1(R)1(I)13(R)4,0.7368421052631579,0.0,0.0,0.0,0.0,0.0,1.4615384615384615,0.0,0.0,0.0,0.0,0.38461538461538464,1.0769230769230769,0.0,[]
158,,Fri Jun 11 23:29:00 EDT 2021,DelegatingScene.java,1623468540408,12173,0,(R)2(I)11(R)6(I)3,0.6363636363636364,0.0,0.0,0.0,0.0,0.0,1.8333333333333333,0.0,0.0,0.0,0.0,0.6666666666666666,1.1666666666666667,0.0,[]
159,,Fri Jun 11 23:29:12 EDT 2021,DelegatingScene.java,1623468552779,12084,0,(I)6(R)6(I)9,0.7142857142857143,0.0,0.0,0.0,0.0,0.0,1.75,0.0,0.0,0.0,0.0,0.5,1.25,0.0,[]
160,,Fri Jun 11 23:29:27 EDT 2021,BridgeSceneFactory.java,1623468567296,72715,0,(I)3(R)6(I)5(F)2(I)3,0.5789473684210527,0.0,0.0,10.526315789473683,0.0,0.0,0.2638888888888889,0.0,0.0,0.027777777777777776,0.0,0.08333333333333333,0.1527777777777778,0.0,[]
161,,Fri Jun 11 23:30:40 EDT 2021,BridgeSceneFactory.java,1623468640010,-67051,-67051,(F)2(I)4(R)1(I)4(R)1(I)3(R)1(I)3(R)1(I)3(R)1,0.7083333333333334,0.0,0.0,8.333333333333332,0.0,0.0,0.0,0.0,0.0,0.0,0.0,null,0.0,0.0,[]
162,,Fri Jun 11 23:29:34 EDT 2021,BridgeSceneFactory.java,1623468574742,86086,0,(I)21,1.0,0.0,0.0,0.0,0.0,0.0,0.2441860465116279,0.0,0.0,0.0,0.0,0.0,0.2441860465116279,0.0,[]
163,,Fri Jun 11 23:31:13 EDT 2021,BridgeSceneFactory.java,1623468673810,11461,0,(I)17(F)2(I)1,0.9,0.0,0.0,10.0,0.0,0.0,1.8181818181818181,0.0,0.0,0.18181818181818182,0.0,0.0,1.6363636363636365,0.0,[]
164,,Fri Jun 11 23:31:26 EDT 2021,DelegatingScene.java,1623468686635,35594,0,(I)3(F)2(I)10,0.8666666666666667,0.0,0.0,13.333333333333334,0.0,0.0,0.42857142857142855,0.0,0.0,0.05714285714285714,0.0,0.0,0.37142857142857144,0.0,[]
165,,Fri Jun 11 23:32:02 EDT 2021,BridgeSceneFactory.java,1623468722829,12616,0,(I)23,1.0,0.0,0.0,0.0,0.0,0.0,1.9166666666666667,0.0,0.0,0.0,0.0,0.0,1.9166666666666667,0.0,[]
166,,Fri Jun 11 23:32:15 EDT 2021,BridgeSceneFactory.java,1623468735445,35567,0,(I)1(F)2(I)16,0.8947368421052632,0.0,0.0,10.526315789473683,0.0,0.0,0.5428571428571428,0.0,0.0,0.05714285714285714,0.0,0.0,0.4857142857142857,0.0,[]
167,,Fri Jun 11 23:32:51 EDT 2021,BridgeSceneFactory.java,1623468771237,16017,0,(I)18(R)1(I)3,0.9545454545454546,0.0,0.0,0.0,0.0,0.0,1.375,0.0,0.0,0.0,0.0,0.0625,1.3125,0.0,[]
168,,Fri Jun 11 23:33:07 EDT 2021,BridgeSceneFactory.java,1623468787528,11204,0,(I)12(R)11,0.5217391304347826,0.0,0.0,0.0,0.0,0.0,2.090909090909091,0.0,0.0,0.0,0.0,1.0,1.0909090909090908,0.0,[]
169,,Fri Jun 11 23:33:19 EDT 2021,BridgeSceneFactory.java,1623468799092,8550,8550,(R)2(I)12(R)8,0.5454545454545454,0.0,0.0,0.0,0.0,0.0,2.75,0.0,0.0,0.0,0.0,1.25,1.5,0.0,[]
170,,Fri Jun 11 23:33:27 EDT 2021,BridgeSceneFactory.java,1623468807799,-86334,-86334,(R)5(I)17,0.7727272727272727,0.0,0.0,0.0,0.0,0.0,0.0,0.0,0.0,0.0,0.0,null,0.0,0.0,[]
171,,Fri Jun 11 23:32:13 EDT 2021,BridgeSceneFactory.java,1623468733380,87669,0,(I)8(R)1(I)3(R)1(I)1(R)1(I)8,0.8695652173913043,0.0,0.0,0.0,0.0,0.0,0.26436781609195403,0.0,0.0,0.0,0.0,0.034482758620689655,0.22988505747126436,0.0,[]
172,,Fri Jun 11 23:33:41 EDT 2021,BridgeSceneFactory.java,1623468821165,8995,8995,(I)9(R)1(I)1(R)10,0.47619047619047616,0.0,0.0,0.0,0.0,0.0,2.625,0.0,0.0,0.0,0.0,1.375,1.25,0.0,[]
173,,Fri Jun 11 23:33:50 EDT 2021,DelegatingScenes.java,1623468830299,34310,0,(R)4(I)16,0.8,0.0,0.0,0.0,0.0,0.0,0.5882352941176471,0.0,0.0,0.0,0.0,0.11764705882352941,0.47058823529411764,0.0,[]
174,,Fri Jun 11 23:34:24 EDT 2021,Assignment3.java,1623468864773,52675,0,(I)1(F)2(I)12,0.8666666666666667,0.0,0.0,13.333333333333334,0.0,0.0,0.28846153846153844,0.0,0.0,0.038461538461538464,0.0,0.0,0.25,0.0,[]
175,,Fri Jun 11 23:35:17 EDT 2021,Assignment3.java,1623468917641,21577,0,(I)16,1.0,0.0,0.0,0.0,0.0,0.0,0.7619047619047619,0.0,0.0,0.0,0.0,0.0,0.7619047619047619,0.0,[]
176,,Fri Jun 11 23:35:39 EDT 2021,Assignment3.java,1623468939402,5939,5939,(I)3(R)2(I)16,0.9047619047619048,0.0,0.0,0.0,0.0,0.0,4.2,0.0,0.0,0.0,0.0,0.4,3.8,0.0,[]
177,,Fri Jun 11 23:35:45 EDT 2021,Assignment3.java,1623468945341,15334,0,(I)18(R)1(I)1(F)1,0.9047619047619048,0.0,0.0,4.761904761904762,0.0,0.0,1.4,0.0,0.0,0.06666666666666667,0.0,0.06666666666666667,1.2666666666666666,0.0,[]
178,,Fri Jun 11 23:36:02 EDT 2021,ObservableBridgeScene.java,1623468962087,69574,0,(F)3(D)2(F)1(D)1(F)1(D)2(F)2(I)1(F)1,0.07142857142857142,35.714285714285715,0.0,57.14285714285714,0.0,0.0,0.2028985507246377,0.0,0.07246376811594203,0.11594202898550725,0.0,0.0,0.014492753623188406,0.0,[]
179,,Fri Jun 11 23:37:13 EDT 2021,AvatarGalahad.java,1623469033440,28345,0,(F)1(I)1(F)2(I)3(F)2(I)4(F)2(I)1,0.5625,0.0,0.0,43.75,0.0,0.0,0.5714285714285714,0.0,0.0,0.25,0.0,0.0,0.32142857142857145,0.0,[]
180,,Fri Jun 11 23:37:43 EDT 2021,AvatarRobin.java,1623469063700,21963,0,(I)3(F)2(I)4(F)2(I)3(F)1,0.6666666666666666,0.0,0.0,33.33333333333333,0.0,0.0,0.7142857142857143,0.0,0.0,0.23809523809523808,0.0,0.0,0.47619047619047616,0.0,[]
181,,Fri Jun 11 23:38:05 EDT 2021,BridgeSceneFactory.java,1623469085663,55200,0,(F)1(I)4(F)2(I)4(F)2(I)1(F)2(I)1,0.5882352941176471,0.0,0.0,41.17647058823529,0.0,0.0,0.3090909090909091,0.0,0.0,0.12727272727272726,0.0,0.0,0.18181818181818182,0.0,[]
182,,Fri Jun 11 23:39:07 EDT 2021,Assignment3.java,1623469147502,6841,6841,(F)2(I)2(R)18,0.09090909090909091,0.0,0.0,9.090909090909092,0.0,0.0,3.6666666666666665,0.0,0.0,0.3333333333333333,0.0,3.0,0.3333333333333333,0.0,[]
183,,Fri Jun 11 23:39:14 EDT 2021,Assignment3.java,1623469154427,-199526,-199526,(R)21(I)2(R)1,0.08333333333333333,0.0,0.0,0.0,0.0,0.0,0.0,0.0,0.0,0.0,0.0,null,0.0,0.0,[]
184,,Fri Jun 11 23:35:55 EDT 2021,Assignment3.java,1623468955190,204703,0,(I)9(R)1(I)2,0.9166666666666666,0.0,0.0,0.0,0.0,0.0,0.058823529411764705,0.0,0.0,0.0,0.0,0.004901960784313725,0.05392156862745098,0.0,[]
185,,Fri Jun 11 23:39:23 EDT 2021,RunSummer21A3Tests.java,1623469163668,253199,0,(F)2(D)2(F)4(I)1(F)3,0.08333333333333333,16.666666666666664,0.0,75.0,0.0,0.0,0.04743083003952569,0.0,0.007905138339920948,0.03557312252964427,0.0,0.0,0.003952569169960474,0.0,[]
186,,Fri Jun 11 23:43:39 EDT 2021,DelegatingScene.java,1623469419744,17070,0,(F)1(I)10(F)2(I)2,0.8,0.0,0.0,20.0,0.0,0.0,0.8823529411764706,0.0,0.0,0.17647058823529413,0.0,0.0,0.7058823529411765,0.0,[]
187,,Fri Jun 11 23:43:56 EDT 2021,DelegatingScenes.java,1623469436814,16774,0,(I)1(R)1(I)1(F)2(I)2(F)2(I)4(R)1(I)2,0.625,0.0,0.0,25.0,0.0,0.0,1.0,0.0,0.0,0.25,0.0,0.125,0.625,0.0,[]
188,,Fri Jun 11 23:44:13 EDT 2021,RunSummer21A3Tests.java,1623469453588,24268,0,(I)5(F)2(D)1(F)1,0.5555555555555556,11.11111111111111,0.0,33.33333333333333,0.0,0.0,0.375,0.0,0.041666666666666664,0.125,0.0,0.0,0.20833333333333334,0.0,[]
189,,Fri Jun 11 23:44:38 EDT 2021,ObservableScenePainter.java,1623469478169,140288,0,(D)1(F)3(I)2(R)1(I)2,0.4444444444444444,11.11111111111111,0.0,33.33333333333333,0.0,0.0,0.06428571428571428,0.0,0.007142857142857143,0.02142857142857143,0.0,0.007142857142857143,0.02857142857142857,0.0,[]
